timestamp,system_id,temperature,pressure,speed,vibration
2026-04-05 11:36:57,engine,72.33,47.82,100.7,0.27
2026-04-05 11:36:57,brakes,47.22,31.83,62.97,0.18
2026-04-05 11:36:57,battery,47.32,4.99,0.0,0.19
2026-04-05 11:37:00,engine,103.21,40.87,106.7,0.66
2026-04-05 11:37:00,brakes,66.06,36.33,26.79,0.3
2026-04-05 11:37:00,battery,23.45,6.78,0.0,0.16
2026-04-05 11:37:03,engine,91.4,39.27,99.09,0.85
2026-04-05 11:37:03,brakes,67.36,49.85,19.92,0.54
2026-04-05 11:37:03,battery,40.94,5.33,0.0,0.27
2026-04-05 11:37:06,engine,96.62,37.66,81.11,1.25
2026-04-05 11:37:06,brakes,49.45,31.32,33.17,0.53
2026-04-05 11:37:06,battery,36.29,7.36,0.0,0.08
2026-04-05 11:37:09,engine,95.72,51.3,66.44,1.3
2026-04-05 11:37:09,brakes,88.99,39.88,25.57,0.34
2026-04-05 11:37:09,battery,27.16,6.73,0.0,0.09
2026-04-05 11:37:12,engine,106.85,53.84,111.28,0.45
2026-04-05 11:37:12,brakes,49.76,35.08,5.66,0.74
2026-04-05 11:37:12,battery,48.63,8.43,0.0,0.18
2026-04-05 11:37:15,engine,82.6,48.84,114.05,0.91
2026-04-05 11:37:15,brakes,81.21,37.5,13.16,0.73
2026-04-05 11:37:15,battery,33.4,1.51,0.0,0.12
2026-04-05 11:37:18,engine,96.05,55.56,109.42,1.24
2026-04-05 11:37:18,brakes,53.1,25.93,23.26,0.79
2026-04-05 11:37:18,battery,35.06,4.79,0.0,0.23
2026-04-05 11:37:21,engine,77.06,45.04,81.84,0.63
2026-04-05 11:37:21,brakes,82.76,43.51,49.95,0.96
2026-04-05 11:37:21,battery,35.99,9.11,0.0,0.12
2026-04-05 11:37:24,engine,86.31,52.33,102.25,0.87
2026-04-05 11:37:24,brakes,52.27,43.59,31.61,0.28
2026-04-05 11:37:24,battery,27.87,0.79,0.0,0.09
2026-04-05 11:37:27,engine,95.26,53.05,113.66,1.14
2026-04-05 11:37:27,brakes,74.4,48.2,71.46,0.85
2026-04-05 11:37:27,battery,26.69,8.44,0.0,0.17
2026-04-05 11:37:30,engine,78.05,59.94,96.64,0.81
2026-04-05 11:37:30,brakes,60.21,20.78,68.87,0.89
2026-04-05 11:37:30,battery,24.85,5.21,0.0,0.16
2026-04-05 11:37:33,engine,71.03,30.31,101.18,1.23
2026-04-05 11:37:33,brakes,52.6,45.16,42.93,0.96
2026-04-05 11:37:33,battery,42.11,1.56,0.0,0.06
2026-04-05 11:37:36,engine,97.36,56.79,91.92,0.53
2026-04-05 11:37:36,brakes,59.61,36.73,6.13,0.69
2026-04-05 11:37:36,battery,43.19,9.99,0.0,0.23
2026-04-05 11:37:39,engine,88.97,36.45,104.79,1.22
2026-04-05 11:37:39,brakes,86.02,39.6,56.05,0.44
2026-04-05 11:37:39,battery,36.61,2.9,0.0,0.09
2026-04-05 11:37:42,engine,92.48,54.83,84.98,1.18
2026-04-05 11:37:43,brakes,89.79,37.14,77.35,0.88
2026-04-05 11:37:43,battery,38.2,2.06,0.0,0.08
2026-04-05 11:37:46,engine,102.95,35.03,90.89,0.44
2026-04-05 11:37:46,brakes,89.32,32.08,71.88,0.64
2026-04-05 11:37:46,battery,31.2,9.54,0.0,0.0
2026-04-05 11:37:49,engine,108.04,40.67,77.2,1.44
2026-04-05 11:37:49,brakes,54.7,21.03,42.51,0.16
2026-04-05 11:37:49,battery,38.69,7.68,0.0,0.08
2026-04-05 11:37:52,engine,85.11,47.93,119.89,0.99
2026-04-05 11:37:52,brakes,77.81,46.12,5.28,0.68
2026-04-05 11:37:52,battery,48.81,3.59,0.0,0.13
2026-04-05 11:37:55,engine,108.75,47.08,100.21,1.46
2026-04-05 11:37:55,brakes,69.81,27.63,33.31,0.27
2026-04-05 11:37:55,battery,42.85,0.09,0.0,0.03
2026-04-05 11:37:58,engine,88.89,48.68,116.06,0.74
2026-04-05 11:37:58,brakes,64.95,47.35,5.03,0.72
2026-04-05 11:37:58,battery,31.03,9.36,0.0,0.03
2026-04-05 11:38:01,engine,108.59,30.42,112.34,0.64
2026-04-05 11:38:01,brakes,41.91,44.93,75.19,0.6
2026-04-05 11:38:01,battery,34.47,6.26,0.0,0.11
2026-04-05 11:38:04,engine,73.23,38.81,74.99,0.47
2026-04-05 11:38:04,brakes,46.86,28.22,70.31,0.2
2026-04-05 11:38:04,battery,34.61,9.62,0.0,0.05
2026-04-05 11:38:07,engine,94.67,41.11,84.52,0.23
2026-04-05 11:38:07,brakes,44.28,43.85,18.46,0.34
2026-04-05 11:38:07,battery,46.06,0.04,0.0,0.08
2026-04-05 11:38:10,engine,100.32,54.37,60.18,0.26
2026-04-05 11:38:10,brakes,77.73,22.8,27.36,0.45
2026-04-05 11:38:10,battery,26.5,2.07,0.0,0.09
2026-04-05 11:38:13,engine,84.85,50.26,110.5,1.43
2026-04-05 11:38:13,brakes,61.46,25.12,64.16,0.61
2026-04-05 11:38:13,battery,47.68,2.91,0.0,0.06
2026-04-05 11:38:16,engine,86.78,51.87,100.05,1.02
2026-04-05 11:38:16,brakes,75.17,48.18,23.88,0.91
2026-04-05 11:38:16,battery,20.93,2.52,0.0,0.16
2026-04-05 11:38:19,engine,78.67,59.76,103.82,1.2
2026-04-05 11:38:19,brakes,60.49,46.94,10.97,0.84
2026-04-05 11:38:19,battery,29.35,6.62,0.0,0.25
2026-04-05 11:38:22,engine,109.24,55.41,97.88,1.12
2026-04-05 11:38:22,brakes,78.44,38.87,21.15,0.54
2026-04-05 11:38:22,battery,32.2,7.19,0.0,0.3
2026-04-05 11:38:25,engine,108.13,32.73,79.62,0.47
2026-04-05 11:38:25,brakes,82.61,39.98,48.54,0.85
2026-04-05 11:38:25,battery,22.48,8.93,0.0,0.29
2026-04-05 11:38:28,engine,95.29,39.77,117.05,1.21
2026-04-05 11:38:28,brakes,61.77,46.07,28.16,0.59
2026-04-05 11:38:28,battery,30.64,7.39,0.0,0.23
2026-04-05 11:38:31,engine,77.08,41.81,104.26,0.93
2026-04-05 11:38:31,brakes,83.02,41.63,7.35,0.37
2026-04-05 11:38:31,battery,23.9,0.29,0.0,0.03
2026-04-05 11:38:34,engine,103.46,52.2,106.27,1.17
2026-04-05 11:38:34,brakes,59.7,43.95,74.11,0.76
2026-04-05 11:38:34,battery,42.12,0.59,0.0,0.04
2026-04-05 11:38:37,engine,108.88,38.21,100.23,1.34
2026-04-05 11:38:37,brakes,61.95,45.5,35.03,0.36
2026-04-05 11:38:37,battery,29.42,8.14,0.0,0.12
2026-04-05 11:38:40,engine,96.63,45.72,107.08,0.9
2026-04-05 11:38:40,brakes,55.57,37.66,5.85,0.74
2026-04-05 11:38:40,battery,33.54,1.16,0.0,0.1
2026-04-05 11:38:43,engine,103.49,45.3,100.11,0.3
2026-04-05 11:38:43,brakes,64.93,34.51,59.64,0.99
2026-04-05 11:38:43,battery,39.64,4.77,0.0,0.22
2026-04-05 11:38:46,engine,78.81,59.82,115.16,0.96
2026-04-05 11:38:46,brakes,66.69,31.39,14.25,0.36
2026-04-05 11:38:46,battery,27.06,8.01,0.0,0.07
2026-04-05 11:38:49,engine,72.57,30.93,65.26,0.36
2026-04-05 11:38:49,brakes,81.26,38.18,70.32,0.44
2026-04-05 11:38:49,battery,47.16,2.54,0.0,0.04
2026-04-05 11:38:52,engine,94.94,56.52,69.41,1.26
2026-04-05 11:38:52,brakes,41.01,30.47,65.6,1.0
2026-04-05 11:38:52,battery,45.54,7.34,0.0,0.29
2026-04-05 11:38:55,engine,108.38,59.88,68.0,1.38
2026-04-05 11:38:55,brakes,43.75,29.7,43.66,0.59
2026-04-05 11:38:55,battery,20.82,7.85,0.0,0.11
2026-04-05 11:38:58,engine,88.25,32.03,108.86,1.47
2026-04-05 11:38:58,brakes,76.33,25.33,60.97,0.38
2026-04-05 11:38:58,battery,44.08,8.91,0.0,0.12
2026-04-05 11:39:01,engine,102.25,33.29,113.62,0.64
2026-04-05 11:39:01,brakes,80.15,41.97,13.14,0.85
2026-04-05 11:39:01,battery,39.86,3.14,0.0,0.18
2026-04-05 11:39:04,engine,84.15,55.34,113.16,0.66
2026-04-05 11:39:04,brakes,77.06,26.56,58.32,0.43
2026-04-05 11:39:04,battery,41.28,5.23,0.0,0.16
2026-04-05 11:39:07,engine,104.59,45.7,107.58,0.37
2026-04-05 11:39:07,brakes,79.51,23.78,45.72,0.38
2026-04-05 11:39:07,battery,45.72,5.71,0.0,0.2
2026-04-05 11:39:10,engine,98.94,55.13,109.22,0.48
2026-04-05 11:39:10,brakes,41.47,48.57,5.54,0.56
2026-04-05 11:39:10,battery,41.67,4.94,0.0,0.3
2026-04-05 11:39:13,engine,90.94,39.73,79.46,0.77
2026-04-05 11:39:13,brakes,74.11,34.96,78.97,0.77
2026-04-05 11:39:13,battery,48.03,4.22,0.0,0.23
2026-04-05 11:39:16,engine,97.32,32.08,102.25,0.64
2026-04-05 11:39:16,brakes,55.17,45.52,34.4,0.48
2026-04-05 11:39:16,battery,38.49,2.89,0.0,0.28
2026-04-05 11:39:19,engine,76.0,47.03,65.1,0.92
2026-04-05 11:39:19,brakes,79.52,41.08,19.71,0.4
2026-04-05 11:39:19,battery,37.78,2.99,0.0,0.14
2026-04-05 11:39:22,engine,85.7,50.36,95.84,0.59
2026-04-05 11:39:22,brakes,48.35,33.44,79.86,0.61
2026-04-05 11:39:22,battery,44.71,0.98,0.0,0.25
2026-04-05 11:39:25,engine,97.82,52.61,69.53,0.87
2026-04-05 11:39:25,brakes,76.81,49.09,57.69,0.43
2026-04-05 11:39:25,battery,29.13,0.9,0.0,0.06
2026-04-05 11:39:28,engine,104.8,55.13,93.04,0.62
2026-04-05 11:39:28,brakes,47.77,44.77,10.07,0.95
2026-04-05 11:39:28,battery,48.75,4.29,0.0,0.26
2026-04-05 11:39:31,engine,107.74,32.38,109.98,0.88
2026-04-05 11:39:31,brakes,88.79,43.75,0.01,0.7
2026-04-05 11:39:31,battery,23.47,3.48,0.0,0.12
2026-04-05 11:39:34,engine,78.38,43.61,104.64,0.88
2026-04-05 11:39:34,brakes,60.11,37.75,62.09,0.69
2026-04-05 11:39:34,battery,33.43,7.16,0.0,0.16
2026-04-05 11:39:37,engine,90.38,32.71,112.94,1.18
2026-04-05 11:39:37,brakes,83.7,21.48,37.43,0.95
2026-04-05 11:39:37,battery,48.85,1.17,0.0,0.29
2026-04-05 11:39:40,engine,91.97,50.99,99.35,0.36
2026-04-05 11:39:40,brakes,49.53,47.88,52.18,0.69
2026-04-05 11:39:40,battery,22.05,9.51,0.0,0.29
2026-04-05 11:39:43,engine,73.84,58.67,92.96,1.32
2026-04-05 11:39:43,brakes,45.73,24.18,18.39,0.83
2026-04-05 11:39:43,battery,38.84,2.72,0.0,0.2
2026-04-05 11:39:46,engine,106.33,33.97,98.09,0.92
2026-04-05 11:39:46,brakes,40.43,30.88,34.07,0.55
2026-04-05 11:39:46,battery,49.18,2.91,0.0,0.08
2026-04-05 11:39:49,engine,84.04,31.57,69.4,0.69
2026-04-05 11:39:49,brakes,47.55,47.99,2.11,0.72
2026-04-05 11:39:49,battery,25.99,4.49,0.0,0.11
2026-04-05 11:39:52,engine,73.79,30.18,89.61,1.27
2026-04-05 11:39:52,brakes,62.35,27.3,30.93,0.95
2026-04-05 11:39:52,battery,44.32,3.14,0.0,0.02
2026-04-05 11:39:55,engine,84.01,44.57,73.39,0.76
2026-04-05 11:39:55,brakes,70.94,29.43,14.9,0.22
2026-04-05 11:39:55,battery,43.65,9.98,0.0,0.26
2026-04-05 11:39:58,engine,78.28,59.0,80.88,1.13
2026-04-05 11:39:58,brakes,58.7,33.75,36.19,0.62
2026-04-05 11:39:58,battery,23.63,3.64,0.0,0.0
2026-04-05 11:40:01,engine,84.28,39.39,114.75,1.26
2026-04-05 11:40:01,brakes,50.57,49.47,71.45,0.62
2026-04-05 11:40:01,battery,35.64,5.61,0.0,0.17
2026-04-05 11:40:04,engine,88.89,41.14,94.8,0.74
2026-04-05 11:40:04,brakes,68.56,23.29,51.57,0.66
2026-04-05 11:40:04,battery,34.18,7.5,0.0,0.09
2026-04-05 11:40:07,engine,79.83,54.72,100.73,0.43
2026-04-05 11:40:07,brakes,51.64,21.45,40.5,0.38
2026-04-05 11:40:07,battery,30.5,7.53,0.0,0.18
2026-04-05 11:40:10,engine,97.2,56.88,61.14,1.1
2026-04-05 11:40:10,brakes,46.19,48.59,3.18,0.18
2026-04-05 11:40:10,battery,28.76,0.13,0.0,0.29
2026-04-05 11:40:13,engine,94.63,54.08,111.64,0.99
2026-04-05 11:40:13,brakes,83.82,46.31,54.34,0.65
2026-04-05 11:40:13,battery,48.81,2.49,0.0,0.15
2026-04-05 11:40:16,engine,73.44,42.62,115.75,0.28
2026-04-05 11:40:16,brakes,71.49,42.21,64.58,0.11
2026-04-05 11:40:16,battery,39.36,0.81,0.0,0.28
2026-04-05 11:40:19,engine,100.95,54.85,82.18,0.84
2026-04-05 11:40:19,brakes,73.82,32.32,63.7,0.32
2026-04-05 11:40:19,battery,46.38,1.04,0.0,0.08
2026-04-05 11:40:22,engine,77.58,35.64,113.94,0.23
2026-04-05 11:40:22,brakes,58.28,47.47,32.32,0.67
2026-04-05 11:40:22,battery,32.75,5.3,0.0,0.1
2026-04-05 11:40:25,engine,87.23,42.16,86.8,0.76
2026-04-05 11:40:25,brakes,69.52,48.83,55.47,0.87
2026-04-05 11:40:25,battery,39.9,7.82,0.0,0.2
2026-04-05 11:40:28,engine,85.36,36.29,89.81,0.43
2026-04-05 11:40:28,brakes,58.94,46.15,29.93,0.57
2026-04-05 11:40:28,battery,24.15,1.76,0.0,0.12
2026-04-05 11:40:31,engine,101.81,37.88,119.29,0.65
2026-04-05 11:40:31,brakes,46.54,36.0,51.38,0.35
2026-04-05 11:40:31,battery,47.98,2.67,0.0,0.14
2026-04-05 11:40:34,engine,109.18,43.93,115.4,0.78
2026-04-05 11:40:34,brakes,83.06,47.95,17.97,0.8
2026-04-05 11:40:34,battery,24.41,1.17,0.0,0.24
2026-04-05 11:40:37,engine,98.48,49.7,74.36,1.1
2026-04-05 11:40:37,brakes,54.97,28.3,76.62,0.53
2026-04-05 11:40:37,battery,33.75,7.0,0.0,0.19
2026-04-05 11:40:40,engine,97.61,55.83,75.08,0.34
2026-04-05 11:40:40,brakes,45.47,41.97,52.36,0.75
2026-04-05 11:40:40,battery,48.43,1.92,0.0,0.25
2026-04-05 11:40:43,engine,84.78,37.57,101.0,1.47
2026-04-05 11:40:43,brakes,51.0,42.84,78.52,0.81
2026-04-05 11:40:43,battery,40.36,0.75,0.0,0.22
2026-04-05 11:40:46,engine,77.08,55.26,93.95,0.61
2026-04-05 11:40:46,brakes,42.31,46.5,8.27,0.42
2026-04-05 11:40:46,battery,29.51,8.83,0.0,0.22
2026-04-05 11:40:49,engine,98.97,57.74,109.14,0.89
2026-04-05 11:40:49,brakes,87.69,40.28,76.01,0.39
2026-04-05 11:40:49,battery,44.48,9.78,0.0,0.3
2026-04-05 11:40:52,engine,88.9,51.96,107.41,0.21
2026-04-05 11:40:52,brakes,46.59,28.03,62.63,0.94
2026-04-05 11:40:52,battery,29.28,1.11,0.0,0.09
2026-04-05 11:40:55,engine,103.32,59.62,102.18,0.97
2026-04-05 11:40:55,brakes,89.43,48.41,8.23,0.6
2026-04-05 11:40:55,battery,20.27,1.53,0.0,0.07
2026-04-05 11:40:58,engine,101.93,43.15,62.2,0.36
2026-04-05 11:40:58,brakes,88.51,38.57,73.43,0.3
2026-04-05 11:40:58,battery,46.96,8.32,0.0,0.3
2026-04-05 11:41:01,engine,77.51,57.12,84.11,0.27
2026-04-05 11:41:01,brakes,65.46,20.89,20.83,0.61
2026-04-05 11:41:01,battery,21.92,7.3,0.0,0.24
2026-04-05 11:41:04,engine,97.14,55.87,76.11,1.23
2026-04-05 11:41:05,brakes,76.41,36.44,37.55,0.35
2026-04-05 11:41:05,battery,48.21,3.87,0.0,0.12
2026-04-05 11:41:08,engine,79.99,30.54,79.69,0.97
2026-04-05 11:41:08,brakes,78.84,20.24,29.68,0.8
2026-04-05 11:41:08,battery,36.55,6.74,0.0,0.11
2026-04-05 11:41:11,engine,106.01,55.35,106.05,0.96
2026-04-05 11:41:11,brakes,85.82,39.22,31.58,0.72
2026-04-05 11:41:11,battery,28.97,0.37,0.0,0.3
2026-04-05 11:41:14,engine,97.28,54.47,65.25,0.65
2026-04-05 11:41:14,brakes,63.28,22.77,11.12,0.6
2026-04-05 11:41:14,battery,38.71,6.52,0.0,0.25
2026-04-05 11:41:17,engine,96.0,52.32,69.55,0.56
2026-04-05 11:41:17,brakes,44.97,28.35,45.13,0.79
2026-04-05 11:41:17,battery,45.6,0.36,0.0,0.14
2026-04-05 11:41:20,engine,98.0,34.66,72.94,1.46
2026-04-05 11:41:20,brakes,40.82,49.11,19.54,0.58
2026-04-05 11:41:20,battery,30.4,7.18,0.0,0.12
2026-04-05 11:41:23,engine,88.82,39.41,96.96,0.45
2026-04-05 11:41:23,brakes,65.52,31.79,31.83,0.67
2026-04-05 11:41:23,battery,22.58,7.57,0.0,0.24
2026-04-05 11:41:26,engine,108.74,35.15,95.96,1.03
2026-04-05 11:41:26,brakes,49.57,24.03,47.23,0.79
2026-04-05 11:41:26,battery,32.39,2.45,0.0,0.24
2026-04-05 11:41:29,engine,93.05,59.26,87.7,1.01
2026-04-05 11:41:29,brakes,79.29,34.76,37.39,0.51
2026-04-05 11:41:29,battery,35.57,7.43,0.0,0.04
2026-04-05 11:41:32,engine,77.1,59.38,118.38,1.41
2026-04-05 11:41:32,brakes,59.34,37.67,62.69,0.56
2026-04-05 11:41:32,battery,21.23,0.63,0.0,0.21
2026-04-05 11:41:35,engine,95.89,54.18,80.56,1.2
2026-04-05 11:41:35,brakes,45.59,44.93,4.45,0.71
2026-04-05 11:41:35,battery,37.84,0.51,0.0,0.17
2026-04-05 11:41:38,engine,71.91,32.9,80.32,0.6
2026-04-05 11:41:38,brakes,68.3,26.03,28.22,0.57
2026-04-05 11:41:38,battery,37.07,4.91,0.0,0.18
2026-04-05 11:41:41,engine,71.8,57.99,93.2,1.17
2026-04-05 11:41:41,brakes,52.33,39.28,32.66,0.33
2026-04-05 11:41:41,battery,20.41,5.38,0.0,0.08
2026-04-05 11:41:44,engine,96.5,59.78,110.3,0.5
2026-04-05 11:41:44,brakes,69.31,44.67,53.79,0.27
2026-04-05 11:41:44,battery,43.37,4.96,0.0,0.09
2026-04-05 11:41:47,engine,83.39,35.66,84.27,0.61
2026-04-05 11:41:47,brakes,82.12,31.85,45.93,0.44
2026-04-05 11:41:47,battery,37.55,5.77,0.0,0.19
2026-04-05 11:41:50,engine,99.69,56.14,88.12,0.8
2026-04-05 11:41:50,brakes,63.38,33.73,58.23,0.12
2026-04-05 11:41:50,battery,27.85,1.79,0.0,0.07
2026-04-05 11:41:53,engine,72.82,43.27,74.71,0.93
2026-04-05 11:41:53,brakes,41.25,35.73,12.68,0.47
2026-04-05 11:41:53,battery,44.34,6.06,0.0,0.14
2026-04-05 11:41:56,engine,89.11,55.47,107.32,0.59
2026-04-05 11:41:56,brakes,64.17,45.61,35.02,0.98
2026-04-05 11:41:56,battery,31.1,6.45,0.0,0.14
2026-04-05 11:41:59,engine,88.94,42.17,61.77,1.43
2026-04-05 11:41:59,brakes,72.82,43.2,7.03,0.83
2026-04-05 11:41:59,battery,40.05,4.32,0.0,0.27
2026-04-05 11:42:02,engine,107.32,39.89,76.66,0.35
2026-04-05 11:42:02,brakes,86.24,46.65,68.37,0.99
2026-04-05 11:42:02,battery,39.97,9.26,0.0,0.22
2026-04-05 11:42:05,engine,93.45,55.96,119.39,1.18
2026-04-05 11:42:05,brakes,52.86,49.24,37.72,0.81
2026-04-05 11:42:05,battery,30.98,0.39,0.0,0.2
2026-04-05 11:42:08,engine,96.76,53.7,111.43,0.51
2026-04-05 11:42:08,brakes,76.03,44.67,42.46,0.42
2026-04-05 11:42:08,battery,43.3,6.81,0.0,0.08
2026-04-05 11:42:11,engine,99.77,30.94,87.78,1.32
2026-04-05 11:42:11,brakes,63.21,30.57,34.93,0.95
2026-04-05 11:42:11,battery,22.31,6.54,0.0,0.18
2026-04-05 11:42:14,engine,90.11,48.85,96.48,1.35
2026-04-05 11:42:14,brakes,76.64,20.67,48.41,0.57
2026-04-05 11:42:14,battery,20.67,8.56,0.0,0.06
2026-04-05 11:42:17,engine,101.2,57.25,69.61,0.31
2026-04-05 11:42:17,brakes,79.96,32.88,4.97,0.65
2026-04-05 11:42:17,battery,38.83,4.39,0.0,0.04
2026-04-05 11:42:20,engine,108.99,45.44,68.74,0.99
2026-04-05 11:42:20,brakes,44.64,47.55,55.01,0.83
2026-04-05 11:42:20,battery,34.78,9.32,0.0,0.04
2026-04-05 11:42:23,engine,80.26,56.1,118.09,0.37
2026-04-05 11:42:23,brakes,42.63,20.54,29.35,0.94
2026-04-05 11:42:23,battery,36.84,8.77,0.0,0.1
2026-04-05 11:42:26,engine,81.32,37.58,65.08,1.27
2026-04-05 11:42:26,brakes,49.54,32.64,36.21,0.56
2026-04-05 11:42:26,battery,33.84,6.58,0.0,0.14
2026-04-05 11:42:29,engine,72.04,53.51,104.7,0.79
2026-04-05 11:42:29,brakes,66.55,23.23,13.9,0.56
2026-04-05 11:42:29,battery,30.25,1.4,0.0,0.19
2026-04-05 11:42:32,engine,75.57,40.47,111.28,0.56
2026-04-05 11:42:32,brakes,49.82,48.99,70.68,0.21
2026-04-05 11:42:32,battery,32.74,7.9,0.0,0.07
2026-04-05 11:42:35,engine,85.08,44.71,73.93,1.24
2026-04-05 11:42:35,brakes,41.68,44.45,48.35,0.76
2026-04-05 11:42:35,battery,44.68,6.33,0.0,0.04
2026-04-05 11:42:38,engine,89.47,59.04,97.04,0.81
2026-04-05 11:42:38,brakes,40.75,32.42,9.84,0.94
2026-04-05 11:42:38,battery,48.67,0.25,0.0,0.12
2026-04-05 11:42:41,engine,102.93,46.69,111.34,1.37
2026-04-05 11:42:41,brakes,81.82,25.9,44.1,0.84
2026-04-05 11:42:41,battery,34.39,4.93,0.0,0.03
2026-04-05 11:42:44,engine,90.7,48.46,93.73,0.79
2026-04-05 11:42:44,brakes,53.3,33.03,62.39,0.62
2026-04-05 11:42:44,battery,49.62,9.49,0.0,0.08
2026-04-05 11:42:47,engine,100.86,54.32,77.84,0.9
2026-04-05 11:42:47,brakes,82.68,20.74,19.41,0.92
2026-04-05 11:42:47,battery,43.68,4.12,0.0,0.0
2026-04-05 11:42:50,engine,106.02,35.49,79.54,0.46
2026-04-05 11:42:50,brakes,44.53,36.29,6.21,0.4
2026-04-05 11:42:50,battery,21.9,7.99,0.0,0.08
2026-04-05 11:42:53,engine,87.16,30.2,66.44,1.18
2026-04-05 11:42:53,brakes,58.88,27.03,76.21,0.47
2026-04-05 11:42:53,battery,48.21,0.67,0.0,0.09
2026-04-05 11:42:56,engine,99.05,57.64,74.54,1.43
2026-04-05 11:42:56,brakes,55.77,27.65,22.41,0.66
2026-04-05 11:42:56,battery,24.87,9.18,0.0,0.04
2026-04-05 11:42:59,engine,86.01,58.14,115.16,1.19
2026-04-05 11:42:59,brakes,55.76,26.0,45.64,0.27
2026-04-05 11:42:59,battery,42.57,4.79,0.0,0.22
2026-04-05 11:43:02,engine,90.49,34.43,101.86,1.33
2026-04-05 11:43:02,brakes,69.47,49.9,15.69,0.52
2026-04-05 11:43:02,battery,36.32,4.15,0.0,0.18
2026-04-05 11:43:05,engine,93.62,55.16,115.16,1.24
2026-04-05 11:43:05,brakes,56.12,21.17,65.7,0.11
2026-04-05 11:43:05,battery,25.03,4.18,0.0,0.02
2026-04-05 11:43:08,engine,101.53,30.26,104.26,1.09
2026-04-05 11:43:08,brakes,43.26,38.45,24.75,0.53
2026-04-05 11:43:08,battery,45.15,9.31,0.0,0.11
2026-04-05 11:43:11,engine,70.33,41.23,110.3,0.83
2026-04-05 11:43:11,brakes,84.54,32.1,45.25,0.96
2026-04-05 11:43:11,battery,31.26,0.36,0.0,0.08
2026-04-05 11:43:14,engine,75.52,56.19,77.74,0.79
2026-04-05 11:43:14,brakes,64.12,23.57,39.0,0.73
2026-04-05 11:43:14,battery,31.57,7.48,0.0,0.28
2026-04-05 11:43:17,engine,87.09,45.03,91.68,0.82
2026-04-05 11:43:17,brakes,74.41,39.14,43.9,0.41
2026-04-05 11:43:17,battery,44.98,2.0,0.0,0.05
2026-04-05 11:43:20,engine,81.87,40.68,82.59,1.27
2026-04-05 11:43:20,brakes,85.44,43.41,8.6,0.41
2026-04-05 11:43:20,battery,38.52,9.36,0.0,0.12
2026-04-05 11:43:23,engine,72.59,43.6,88.88,0.41
2026-04-05 11:43:23,brakes,64.9,46.6,5.1,0.43
2026-04-05 11:43:23,battery,37.42,7.42,0.0,0.02
2026-04-05 11:43:26,engine,70.08,44.47,82.96,0.56
2026-04-05 11:43:26,brakes,77.08,34.62,68.87,0.59
2026-04-05 11:43:26,battery,26.84,0.18,0.0,0.2
2026-04-05 11:43:29,engine,100.17,57.03,90.81,1.4
2026-04-05 11:43:29,brakes,42.21,21.65,79.37,0.55
2026-04-05 11:43:29,battery,29.99,4.24,0.0,0.16
2026-04-05 11:43:32,engine,101.56,54.74,62.86,1.03
2026-04-05 11:43:32,brakes,42.84,40.83,67.68,0.58
2026-04-05 11:43:32,battery,35.36,9.35,0.0,0.07
2026-04-05 11:43:35,engine,78.82,52.14,109.22,0.45
2026-04-05 11:43:35,brakes,61.8,45.28,11.14,0.23
2026-04-05 11:43:35,battery,35.82,2.24,0.0,0.27
2026-04-05 11:43:38,engine,87.86,55.05,87.48,0.43
2026-04-05 11:43:38,brakes,73.44,42.42,24.61,0.74
2026-04-05 11:43:38,battery,21.15,8.59,0.0,0.23
2026-04-05 11:43:41,engine,101.01,39.32,81.45,1.36
2026-04-05 11:43:41,brakes,42.97,29.77,37.09,0.31
2026-04-05 11:43:41,battery,27.98,3.86,0.0,0.3
2026-04-05 11:43:44,engine,71.11,40.1,108.34,0.69
2026-04-05 11:43:44,brakes,78.04,45.22,66.4,0.28
2026-04-05 11:43:44,battery,23.53,6.86,0.0,0.17
2026-04-05 11:43:47,engine,93.62,32.02,106.81,1.38
2026-04-05 11:43:47,brakes,76.54,49.42,65.73,0.41
2026-04-05 11:43:47,battery,22.49,5.3,0.0,0.14
2026-04-05 11:43:50,engine,102.49,53.19,99.03,0.57
2026-04-05 11:43:50,brakes,86.43,46.6,59.05,0.81
2026-04-05 11:43:50,battery,32.53,5.18,0.0,0.17
2026-04-05 11:43:53,engine,93.98,46.38,86.99,0.64
2026-04-05 11:43:53,brakes,59.5,38.71,54.01,0.94
2026-04-05 11:43:53,battery,20.08,5.43,0.0,0.14
2026-04-05 11:43:56,engine,105.07,43.34,69.38,1.1
2026-04-05 11:43:56,brakes,68.0,37.37,61.59,0.6
2026-04-05 11:43:56,battery,34.28,3.84,0.0,0.21
2026-04-05 11:43:59,engine,91.18,49.26,74.61,0.47
2026-04-05 11:43:59,brakes,83.08,46.77,36.45,0.46
2026-04-05 11:43:59,battery,35.1,4.66,0.0,0.28
2026-04-05 11:44:02,engine,101.5,55.88,60.39,0.58
2026-04-05 11:44:02,brakes,67.38,49.72,72.04,0.77
2026-04-05 11:44:02,battery,49.48,4.53,0.0,0.12
2026-04-05 11:44:05,engine,108.86,31.5,99.11,0.55
2026-04-05 11:44:06,brakes,85.02,36.16,57.18,0.48
2026-04-05 11:44:06,battery,21.61,1.41,0.0,0.16
2026-04-05 11:44:09,engine,78.93,50.83,86.32,1.47
2026-04-05 11:44:09,brakes,60.45,45.81,48.24,0.66
2026-04-05 11:44:09,battery,48.61,3.92,0.0,0.08
2026-04-05 11:44:12,engine,100.25,52.84,116.34,1.18
2026-04-05 11:44:12,brakes,56.68,32.69,63.9,0.81
2026-04-05 11:44:12,battery,38.28,3.6,0.0,0.22
2026-04-05 11:44:15,engine,94.58,43.19,111.42,1.5
2026-04-05 11:44:15,brakes,67.41,33.36,60.34,0.37
2026-04-05 11:44:15,battery,48.53,4.32,0.0,0.19
2026-04-05 11:44:18,engine,106.17,48.32,94.7,1.4
2026-04-05 11:44:18,brakes,40.31,48.57,65.06,1.0
2026-04-05 11:44:18,battery,22.14,1.99,0.0,0.24
2026-04-05 11:44:21,engine,96.73,37.45,87.4,0.29
2026-04-05 11:44:21,brakes,79.53,33.98,58.55,0.9
2026-04-05 11:44:21,battery,29.35,4.78,0.0,0.09
2026-04-05 11:44:24,engine,100.29,51.13,104.97,0.95
2026-04-05 11:44:24,brakes,61.23,44.23,56.12,0.66
2026-04-05 11:44:24,battery,22.17,1.61,0.0,0.03
2026-04-05 11:44:27,engine,93.75,34.26,83.0,0.41
2026-04-05 11:44:27,brakes,43.82,38.1,72.19,0.58
2026-04-05 11:44:27,battery,32.4,2.71,0.0,0.08
2026-04-05 11:44:30,engine,75.5,49.31,102.59,0.21
2026-04-05 11:44:30,brakes,50.18,32.66,50.83,0.59
2026-04-05 11:44:30,battery,36.27,2.13,0.0,0.11
2026-04-05 11:44:33,engine,104.24,54.86,107.97,0.89
2026-04-05 11:44:33,brakes,50.24,46.99,50.84,0.65
2026-04-05 11:44:33,battery,41.44,4.79,0.0,0.11
2026-04-05 11:44:36,engine,88.49,47.37,117.15,1.0
2026-04-05 11:44:36,brakes,43.0,28.39,22.46,1.0
2026-04-05 11:44:36,battery,48.55,0.89,0.0,0.18
2026-04-05 11:44:39,engine,98.45,33.49,77.42,0.25
2026-04-05 11:44:39,brakes,41.2,36.3,38.83,0.53
2026-04-05 11:44:39,battery,32.6,1.35,0.0,0.13
2026-04-05 11:44:42,engine,90.47,53.92,86.11,1.02
2026-04-05 11:44:42,brakes,67.99,28.61,53.09,0.2
2026-04-05 11:44:42,battery,47.2,1.57,0.0,0.15
2026-04-05 11:44:45,engine,82.1,40.94,107.42,0.76
2026-04-05 11:44:45,brakes,51.13,37.68,34.7,0.97
2026-04-05 11:44:45,battery,43.69,4.4,0.0,0.22
2026-04-05 11:44:48,engine,109.41,35.96,115.03,1.41
2026-04-05 11:44:48,brakes,73.17,20.01,34.96,0.77
2026-04-05 11:44:48,battery,49.97,7.24,0.0,0.26
2026-04-05 11:44:51,engine,85.87,30.13,66.45,0.74
2026-04-05 11:44:51,brakes,73.82,20.09,48.86,0.69
2026-04-05 11:44:51,battery,27.82,0.53,0.0,0.13
2026-04-05 11:44:54,engine,79.17,45.37,84.56,1.42
2026-04-05 11:44:54,brakes,57.74,42.91,55.72,0.27
2026-04-05 11:44:54,battery,25.5,3.81,0.0,0.1
2026-04-05 11:44:57,engine,109.16,59.65,65.42,0.52
2026-04-05 11:44:57,brakes,54.1,36.57,14.27,0.52
2026-04-05 11:44:57,battery,40.13,2.71,0.0,0.1
2026-04-05 11:45:00,engine,91.87,57.08,88.82,1.23
2026-04-05 11:45:00,brakes,59.79,27.55,29.17,0.69
2026-04-05 11:45:00,battery,44.39,6.73,0.0,0.21
2026-04-05 11:45:03,engine,85.89,43.84,90.93,0.58
2026-04-05 11:45:03,brakes,75.67,36.77,42.97,0.8
2026-04-05 11:45:03,battery,20.67,8.43,0.0,0.25
2026-04-05 11:45:06,engine,99.33,31.92,73.32,0.62
2026-04-05 11:45:06,brakes,64.84,34.31,69.04,0.21
2026-04-05 11:45:06,battery,22.25,9.77,0.0,0.1
2026-04-05 11:45:09,engine,73.46,58.08,69.15,0.65
2026-04-05 11:45:09,brakes,67.82,33.72,9.93,0.92
2026-04-05 11:45:09,battery,36.28,2.63,0.0,0.13
2026-04-05 11:45:12,engine,102.79,54.58,95.01,0.69
2026-04-05 11:45:12,brakes,85.34,31.63,12.89,0.1
2026-04-05 11:45:12,battery,36.82,3.83,0.0,0.06
2026-04-05 11:45:15,engine,75.59,43.73,80.69,1.25
2026-04-05 11:45:15,brakes,71.86,29.23,72.24,0.36
2026-04-05 11:45:15,battery,22.21,5.08,0.0,0.09
2026-04-05 11:45:18,engine,106.66,58.37,98.86,0.66
2026-04-05 11:45:18,brakes,69.15,24.11,23.37,0.29
2026-04-05 11:45:18,battery,21.96,0.22,0.0,0.22
2026-04-05 11:45:21,engine,107.54,30.24,90.61,1.47
2026-04-05 11:45:21,brakes,47.13,43.63,38.22,0.14
2026-04-05 11:45:21,battery,44.15,4.18,0.0,0.01
2026-04-05 11:45:24,engine,84.54,32.52,108.41,0.86
2026-04-05 11:45:24,brakes,65.85,48.14,43.62,0.57
2026-04-05 11:45:24,battery,29.3,2.02,0.0,0.13
2026-04-05 11:45:27,engine,83.68,37.99,60.54,0.56
2026-04-05 11:45:27,brakes,42.33,43.73,59.6,0.73
2026-04-05 11:45:27,battery,29.56,1.92,0.0,0.03
2026-04-05 11:45:30,engine,97.94,43.05,97.44,0.77
2026-04-05 11:45:30,brakes,57.26,32.86,0.22,0.37
2026-04-05 11:45:30,battery,47.34,8.1,0.0,0.16
2026-04-05 11:45:33,engine,79.2,42.65,83.39,0.79
2026-04-05 11:45:33,brakes,72.99,37.13,58.32,0.39
2026-04-05 11:45:33,battery,29.74,0.23,0.0,0.06
2026-04-05 11:45:36,engine,77.26,36.02,116.01,1.25
2026-04-05 11:45:36,brakes,41.66,47.95,9.84,0.8
2026-04-05 11:45:36,battery,33.68,6.03,0.0,0.05
2026-04-05 11:45:39,engine,73.86,37.06,80.67,0.2
2026-04-05 11:45:39,brakes,79.54,40.02,41.12,0.74
2026-04-05 11:45:39,battery,26.43,8.22,0.0,0.1
2026-04-05 11:45:42,engine,103.85,31.34,82.18,1.49
2026-04-05 11:45:42,brakes,61.74,33.97,1.17,0.6
2026-04-05 11:45:42,battery,34.73,1.6,0.0,0.27
2026-04-05 11:45:45,engine,72.23,41.72,112.54,0.7
2026-04-05 11:45:45,brakes,60.73,29.66,72.8,0.53
2026-04-05 11:45:45,battery,23.58,4.03,0.0,0.3
2026-04-05 11:45:48,engine,96.78,39.94,77.14,0.21
2026-04-05 11:45:48,brakes,50.08,45.08,36.77,0.86
2026-04-05 11:45:48,battery,23.92,2.07,0.0,0.02
2026-04-05 11:45:51,engine,104.03,33.86,78.84,0.63
2026-04-05 11:45:51,brakes,47.12,41.7,6.58,0.11
2026-04-05 11:45:51,battery,35.16,6.77,0.0,0.0
2026-04-05 11:45:54,engine,73.57,43.38,89.74,0.6
2026-04-05 11:45:54,brakes,71.59,34.57,69.87,0.62
2026-04-05 11:45:54,battery,43.4,0.17,0.0,0.27
2026-04-05 11:45:57,engine,107.37,49.11,81.76,0.74
2026-04-05 11:45:57,brakes,63.32,34.19,40.72,0.58
2026-04-05 11:45:57,battery,22.19,4.75,0.0,0.24
2026-04-05 11:46:00,engine,83.78,58.73,83.02,0.63
2026-04-05 11:46:00,brakes,67.66,39.23,29.32,0.36
2026-04-05 11:46:00,battery,21.09,7.11,0.0,0.14
2026-04-05 11:46:03,engine,100.72,41.65,112.26,1.44
2026-04-05 11:46:03,brakes,83.7,46.18,27.55,0.8
2026-04-05 11:46:03,battery,49.3,4.2,0.0,0.24
2026-04-05 11:46:06,engine,88.67,58.51,93.69,1.14
2026-04-05 11:46:06,brakes,79.06,46.0,41.37,0.69
2026-04-05 11:46:06,battery,33.55,0.95,0.0,0.09
2026-04-05 11:46:09,engine,81.79,46.73,99.64,1.05
2026-04-05 11:46:09,brakes,40.37,28.37,25.69,0.32
2026-04-05 11:46:09,battery,48.54,8.07,0.0,0.07
2026-04-05 11:46:12,engine,82.21,59.11,117.37,0.61
2026-04-05 11:46:12,brakes,80.19,28.62,34.32,0.46
2026-04-05 11:46:12,battery,20.03,3.83,0.0,0.01
2026-04-05 11:46:15,engine,72.7,53.68,62.28,0.75
2026-04-05 11:46:15,brakes,42.92,30.87,43.46,0.3
2026-04-05 11:46:15,battery,21.85,5.37,0.0,0.16
2026-04-05 11:46:18,engine,98.91,33.15,90.67,0.75
2026-04-05 11:46:18,brakes,64.6,24.14,24.17,0.16
2026-04-05 11:46:18,battery,41.8,5.82,0.0,0.06
2026-04-05 11:46:21,engine,98.79,49.55,63.44,1.06
2026-04-05 11:46:21,brakes,89.81,23.57,31.02,0.22
2026-04-05 11:46:21,battery,35.5,8.51,0.0,0.27
2026-04-05 11:46:24,engine,87.77,41.82,116.69,1.25
2026-04-05 11:46:24,brakes,56.11,37.99,38.05,0.52
2026-04-05 11:46:24,battery,24.6,5.62,0.0,0.28
2026-04-05 11:46:27,engine,86.44,33.32,95.31,0.35
2026-04-05 11:46:27,brakes,78.72,48.89,25.36,0.42
2026-04-05 11:46:27,battery,37.13,3.28,0.0,0.23
2026-04-05 11:46:30,engine,71.73,54.05,92.04,0.62
2026-04-05 11:46:30,brakes,52.78,41.53,41.86,0.47
2026-04-05 11:46:30,battery,23.27,2.21,0.0,0.07
2026-04-05 11:46:33,engine,106.62,46.75,112.07,0.26
2026-04-05 11:46:33,brakes,73.79,38.38,54.98,0.19
2026-04-05 11:46:33,battery,26.71,1.07,0.0,0.23
2026-04-05 11:46:36,engine,83.34,50.18,72.73,0.3
2026-04-05 11:46:36,brakes,59.96,31.2,69.94,0.61
2026-04-05 11:46:36,battery,25.72,4.1,0.0,0.09
2026-04-05 11:46:39,engine,109.48,57.0,84.13,1.13
2026-04-05 11:46:39,brakes,49.91,32.87,36.64,0.88
2026-04-05 11:46:39,battery,22.09,9.43,0.0,0.11
2026-04-05 11:46:42,engine,86.89,30.27,63.25,0.47
2026-04-05 11:46:42,brakes,65.27,28.93,35.82,0.12
2026-04-05 11:46:42,battery,40.1,8.28,0.0,0.19
2026-04-05 11:46:45,engine,79.37,56.95,71.86,0.81
2026-04-05 11:46:45,brakes,87.57,22.9,42.65,0.46
2026-04-05 11:46:45,battery,35.21,8.43,0.0,0.19
2026-04-05 11:46:48,engine,106.82,58.27,97.06,1.17
2026-04-05 11:46:48,brakes,70.17,39.65,27.71,0.96
2026-04-05 11:46:48,battery,49.73,6.45,0.0,0.04
2026-04-05 11:46:51,engine,107.46,52.41,110.61,0.59
2026-04-05 11:46:51,brakes,56.68,25.93,13.74,0.31
2026-04-05 11:46:51,battery,49.68,2.39,0.0,0.16
2026-04-05 11:46:54,engine,88.25,38.86,72.09,0.42
2026-04-05 11:46:54,brakes,67.11,26.91,31.14,0.94
2026-04-05 11:46:54,battery,38.56,9.25,0.0,0.2
2026-04-05 11:46:57,engine,93.3,38.38,116.98,0.45
2026-04-05 11:46:57,brakes,68.28,47.3,34.3,0.88
2026-04-05 11:46:57,battery,45.2,1.43,0.0,0.04
2026-04-05 11:47:00,engine,70.65,36.02,98.76,1.26
2026-04-05 11:47:00,brakes,64.49,24.41,3.38,0.29
2026-04-05 11:47:00,battery,40.08,2.76,0.0,0.14
2026-04-05 11:47:03,engine,96.47,49.26,111.78,1.18
2026-04-05 11:47:03,brakes,61.45,49.07,1.86,0.45
2026-04-05 11:47:03,battery,22.89,7.97,0.0,0.05
2026-04-05 11:47:06,engine,94.52,34.96,111.53,1.05
2026-04-05 11:47:06,brakes,43.77,42.46,30.31,0.84
2026-04-05 11:47:06,battery,43.98,4.27,0.0,0.04
2026-04-05 11:47:09,engine,82.79,36.39,96.85,0.68
2026-04-05 11:47:09,brakes,60.29,39.96,19.36,0.73
2026-04-05 11:47:09,battery,35.17,6.04,0.0,0.19
2026-04-05 11:47:12,engine,103.61,59.36,70.34,0.25
2026-04-05 11:47:12,brakes,45.26,44.12,27.09,0.59
2026-04-05 11:47:13,battery,27.48,7.49,0.0,0.13
2026-04-05 11:47:16,engine,77.45,53.66,98.25,0.8
2026-04-05 11:47:16,brakes,82.78,37.87,53.45,0.34
2026-04-05 11:47:16,battery,21.68,0.89,0.0,0.03
2026-04-05 11:47:19,engine,88.6,54.61,119.41,0.83
2026-04-05 11:47:19,brakes,46.77,48.42,3.82,0.13
2026-04-05 11:47:19,battery,28.2,0.65,0.0,0.08
2026-04-05 11:47:22,engine,85.96,34.82,116.2,0.59
2026-04-05 11:47:22,brakes,44.5,34.55,9.72,0.62
2026-04-05 11:47:22,battery,27.46,0.75,0.0,0.24
2026-04-05 11:47:25,engine,77.92,41.26,61.33,0.66
2026-04-05 11:47:25,brakes,66.48,48.04,52.74,0.45
2026-04-05 11:47:25,battery,30.75,9.29,0.0,0.0
2026-04-05 11:47:28,engine,83.97,49.77,73.64,0.47
2026-04-05 11:47:28,brakes,60.64,36.07,18.1,0.49
2026-04-05 11:47:28,battery,25.82,2.39,0.0,0.3
2026-04-05 11:47:31,engine,102.11,59.4,81.64,0.86
2026-04-05 11:47:31,brakes,64.34,24.28,53.18,0.72
2026-04-05 11:47:31,battery,27.67,2.61,0.0,0.25
2026-04-05 11:47:34,engine,101.18,41.34,79.23,0.93
2026-04-05 11:47:34,brakes,45.93,27.26,12.98,0.61
2026-04-05 11:47:34,battery,28.05,2.81,0.0,0.23
2026-04-05 11:47:37,engine,85.22,50.79,111.96,1.19
2026-04-05 11:47:37,brakes,74.12,32.43,34.42,0.45
2026-04-05 11:47:37,battery,32.5,3.5,0.0,0.29
2026-04-05 11:47:40,engine,84.96,40.75,80.76,0.26
2026-04-05 11:47:40,brakes,68.82,33.77,38.81,0.73
2026-04-05 11:47:40,battery,25.29,1.5,0.0,0.0
2026-04-05 11:47:43,engine,86.66,59.01,78.18,1.24
2026-04-05 11:47:43,brakes,89.02,46.19,35.87,0.62
2026-04-05 11:47:43,battery,26.54,1.27,0.0,0.0
2026-04-05 11:47:46,engine,84.33,43.03,64.27,0.64
2026-04-05 11:47:46,brakes,50.36,31.09,38.2,0.2
2026-04-05 11:47:46,battery,24.26,9.89,0.0,0.01
2026-04-05 11:47:49,engine,70.74,54.85,60.14,0.44
2026-04-05 11:47:49,brakes,74.61,43.01,0.68,0.16
2026-04-05 11:47:49,battery,24.73,0.85,0.0,0.0
2026-04-05 11:47:52,engine,80.8,45.58,113.7,1.31
2026-04-05 11:47:52,brakes,55.97,41.44,5.16,0.43
2026-04-05 11:47:52,battery,23.71,5.54,0.0,0.29
2026-04-05 11:47:55,engine,82.86,52.87,76.35,0.34
2026-04-05 11:47:55,brakes,85.53,32.97,52.59,0.16
2026-04-05 11:47:55,battery,35.35,2.88,0.0,0.22
2026-04-05 11:47:58,engine,107.52,47.61,83.73,0.55
2026-04-05 11:47:58,brakes,58.24,26.96,3.75,0.99
2026-04-05 11:47:58,battery,33.7,2.49,0.0,0.01
2026-04-05 11:48:01,engine,77.85,56.26,105.89,0.42
2026-04-05 11:48:01,brakes,41.91,43.68,47.75,0.56
2026-04-05 11:48:01,battery,29.37,2.6,0.0,0.18
2026-04-05 11:48:04,engine,87.1,37.85,66.54,0.47
2026-04-05 11:48:04,brakes,57.69,30.57,74.37,0.5
2026-04-05 11:48:04,battery,31.61,0.27,0.0,0.19
2026-04-05 11:48:07,engine,73.3,47.49,80.44,0.59
2026-04-05 11:48:07,brakes,85.51,21.33,61.37,0.35
2026-04-05 11:48:07,battery,38.15,2.93,0.0,0.22
2026-04-05 11:48:10,engine,81.0,43.48,85.19,0.73
2026-04-05 11:48:10,brakes,41.68,42.95,39.51,0.99
2026-04-05 11:48:10,battery,34.32,0.45,0.0,0.29
2026-04-05 11:48:13,engine,73.15,46.04,61.6,0.94
2026-04-05 11:48:13,brakes,49.55,46.57,50.35,0.13
2026-04-05 11:48:13,battery,45.15,6.32,0.0,0.03
2026-04-05 11:48:16,engine,88.19,37.35,119.83,1.27
2026-04-05 11:48:16,brakes,66.8,44.02,72.69,0.8
2026-04-05 11:48:16,battery,32.29,4.22,0.0,0.25
2026-04-05 11:48:19,engine,77.99,57.8,61.93,0.73
2026-04-05 11:48:19,brakes,61.83,20.66,20.94,0.21
2026-04-05 11:48:19,battery,32.31,5.7,0.0,0.14
2026-04-05 11:48:22,engine,106.91,56.13,75.13,1.0
2026-04-05 11:48:22,brakes,52.64,48.68,21.46,0.97
2026-04-05 11:48:22,battery,42.93,4.17,0.0,0.13
2026-04-05 11:48:25,engine,91.44,38.88,103.66,1.43
2026-04-05 11:48:25,brakes,41.67,48.8,47.79,0.21
2026-04-05 11:48:25,battery,42.52,2.51,0.0,0.14
2026-04-05 11:48:28,engine,82.33,32.36,118.54,1.21
2026-04-05 11:48:28,brakes,47.58,36.28,19.92,0.54
2026-04-05 11:48:28,battery,28.69,6.96,0.0,0.02
2026-04-05 11:48:31,engine,86.37,42.73,95.41,1.5
2026-04-05 11:48:31,brakes,72.84,43.2,59.53,0.93
2026-04-05 11:48:31,battery,24.03,8.08,0.0,0.14
2026-04-05 11:48:34,engine,109.0,47.41,92.51,1.14
2026-04-05 11:48:34,brakes,65.25,29.18,10.81,0.71
2026-04-05 11:48:34,battery,47.68,1.28,0.0,0.02
2026-04-05 11:48:37,engine,71.01,37.52,65.65,1.46
2026-04-05 11:48:37,brakes,51.82,30.48,6.16,0.98
2026-04-05 11:48:37,battery,47.86,0.24,0.0,0.06
2026-04-05 11:48:40,engine,89.91,58.78,89.58,0.73
2026-04-05 11:48:40,brakes,50.29,29.94,62.91,0.71
2026-04-05 11:48:40,battery,49.76,4.79,0.0,0.23
2026-04-05 11:48:43,engine,98.53,39.27,61.94,0.42
2026-04-05 11:48:43,brakes,51.73,43.18,62.46,0.15
2026-04-05 11:48:43,battery,23.74,5.5,0.0,0.13
2026-04-05 11:48:46,engine,81.74,56.37,107.72,0.92
2026-04-05 11:48:46,brakes,47.29,26.31,0.28,0.86
2026-04-05 11:48:46,battery,45.16,6.43,0.0,0.24
2026-04-05 11:48:49,engine,83.38,46.38,101.09,1.27
2026-04-05 11:48:49,brakes,48.97,45.1,22.77,0.25
2026-04-05 11:48:49,battery,34.58,5.82,0.0,0.15
2026-04-05 11:48:52,engine,81.14,30.6,91.23,1.45
2026-04-05 11:48:52,brakes,89.15,24.92,11.98,0.74
2026-04-05 11:48:52,battery,43.52,5.47,0.0,0.07
2026-04-05 11:48:55,engine,79.55,49.49,75.02,0.58
2026-04-05 11:48:55,brakes,88.27,49.53,18.93,0.46
2026-04-05 11:48:55,battery,26.29,8.6,0.0,0.25
2026-04-05 11:48:58,engine,102.39,57.26,110.26,0.6
2026-04-05 11:48:58,brakes,54.95,36.44,55.94,0.39
2026-04-05 11:48:58,battery,29.1,4.54,0.0,0.05
2026-04-05 11:49:01,engine,91.25,46.87,75.69,0.31
2026-04-05 11:49:01,brakes,59.02,30.7,6.73,0.52
2026-04-05 11:49:01,battery,41.56,0.06,0.0,0.1
2026-04-05 11:49:04,engine,73.86,34.04,61.71,1.14
2026-04-05 11:49:04,brakes,72.61,22.44,57.88,0.67
2026-04-05 11:49:04,battery,44.75,9.37,0.0,0.11
2026-04-05 11:49:07,engine,109.32,42.57,99.01,1.37
2026-04-05 11:49:07,brakes,59.05,32.07,42.45,0.23
2026-04-05 11:49:07,battery,38.88,6.64,0.0,0.08
2026-04-05 11:49:10,engine,106.3,39.87,103.36,1.03
2026-04-05 11:49:10,brakes,55.37,48.23,11.86,0.67
2026-04-05 11:49:10,battery,42.75,6.76,0.0,0.23
2026-04-05 11:49:13,engine,89.24,38.83,78.76,0.86
2026-04-05 11:49:13,brakes,40.96,32.8,72.39,0.51
2026-04-05 11:49:13,battery,32.16,8.08,0.0,0.19
2026-04-05 11:49:16,engine,72.56,51.79,114.99,1.0
2026-04-05 11:49:16,brakes,75.46,23.14,33.62,0.74
2026-04-05 11:49:16,battery,46.38,2.02,0.0,0.14
2026-04-05 11:49:19,engine,81.62,30.3,83.12,1.16
2026-04-05 11:49:19,brakes,65.94,20.86,11.84,0.42
2026-04-05 11:49:19,battery,27.54,4.43,0.0,0.08
2026-04-05 11:49:22,engine,93.72,44.28,88.25,0.84
2026-04-05 11:49:22,brakes,86.21,29.91,36.58,0.17
2026-04-05 11:49:22,battery,48.33,6.5,0.0,0.24
2026-04-05 11:49:25,engine,89.14,41.44,69.43,1.37
2026-04-05 11:49:25,brakes,45.93,25.32,78.0,0.91
2026-04-05 11:49:25,battery,26.96,7.2,0.0,0.02
2026-04-05 11:49:28,engine,92.99,50.21,99.34,1.43
2026-04-05 11:49:28,brakes,58.21,22.0,56.44,0.26
2026-04-05 11:49:28,battery,36.87,7.13,0.0,0.26
2026-04-05 11:49:31,engine,105.66,38.24,114.02,1.29
2026-04-05 11:49:31,brakes,89.77,39.25,50.28,0.62
2026-04-05 11:49:31,battery,28.21,7.65,0.0,0.16
2026-04-05 11:49:34,engine,101.17,57.88,114.72,0.57
2026-04-05 11:49:34,brakes,40.69,37.85,22.02,0.24
2026-04-05 11:49:34,battery,21.38,0.6,0.0,0.16
2026-04-05 11:49:37,engine,97.35,49.88,98.52,0.2
2026-04-05 11:49:37,brakes,67.69,30.04,45.62,0.95
2026-04-05 11:49:37,battery,24.03,6.62,0.0,0.01
2026-04-05 11:49:40,engine,80.26,58.65,63.64,0.95
2026-04-05 11:49:40,brakes,40.97,33.97,79.39,0.18
2026-04-05 11:49:40,battery,24.33,3.49,0.0,0.08
2026-04-05 11:49:43,engine,86.49,51.13,96.21,0.42
2026-04-05 11:49:43,brakes,51.46,20.35,36.1,0.69
2026-04-05 11:49:43,battery,23.95,3.72,0.0,0.08
2026-04-05 11:49:46,engine,107.7,56.59,89.43,0.71
2026-04-05 11:49:46,brakes,75.17,49.34,76.34,0.11
2026-04-05 11:49:46,battery,33.88,2.66,0.0,0.03
2026-04-05 11:49:49,engine,87.03,48.39,62.0,0.4
2026-04-05 11:49:49,brakes,79.73,32.23,43.95,0.92
2026-04-05 11:49:49,battery,49.0,4.76,0.0,0.0
2026-04-05 11:49:52,engine,107.13,34.82,95.43,1.42
2026-04-05 11:49:52,brakes,59.09,42.28,34.59,0.75
2026-04-05 11:49:52,battery,24.29,5.36,0.0,0.17
2026-04-05 11:49:55,engine,72.02,43.8,80.41,0.33
2026-04-05 11:49:55,brakes,51.77,41.48,40.64,0.32
2026-04-05 11:49:55,battery,43.02,7.28,0.0,0.17
2026-04-05 11:49:58,engine,89.83,30.21,104.08,1.06
2026-04-05 11:49:58,brakes,80.85,25.84,57.99,0.66
2026-04-05 11:49:58,battery,23.74,3.68,0.0,0.06
2026-04-05 11:50:01,engine,81.83,41.62,78.69,0.24
2026-04-05 11:50:01,brakes,79.81,42.27,20.04,0.11
2026-04-05 11:50:01,battery,20.82,5.48,0.0,0.28
2026-04-05 11:50:04,engine,107.55,39.74,60.55,0.2
2026-04-05 11:50:04,brakes,77.87,23.89,50.07,0.33
2026-04-05 11:50:04,battery,31.66,3.02,0.0,0.1
2026-04-05 11:50:08,engine,92.5,51.03,102.56,0.33
2026-04-05 11:50:08,brakes,56.21,39.92,70.73,0.74
2026-04-05 11:50:08,battery,29.32,2.19,0.0,0.26
2026-04-05 11:50:11,engine,93.86,44.7,91.83,0.95
2026-04-05 11:50:11,brakes,51.56,31.14,67.46,0.92
2026-04-05 11:50:11,battery,44.97,0.04,0.0,0.03
2026-04-05 11:50:14,engine,109.66,55.44,76.32,0.37
2026-04-05 11:50:14,brakes,87.15,25.75,79.0,0.28
2026-04-05 11:50:14,battery,33.7,3.98,0.0,0.01
2026-04-05 11:50:17,engine,78.07,37.13,106.88,0.82
2026-04-05 11:50:17,brakes,46.35,26.98,17.1,0.81
2026-04-05 11:50:17,battery,25.4,0.21,0.0,0.22
2026-04-05 11:50:20,engine,95.5,51.28,113.07,0.22
2026-04-05 11:50:20,brakes,47.7,28.13,13.3,0.72
2026-04-05 11:50:20,battery,41.65,0.23,0.0,0.09
2026-04-05 11:50:23,engine,91.98,30.24,106.37,1.11
2026-04-05 11:50:23,brakes,77.95,21.91,40.36,0.8
2026-04-05 11:50:23,battery,30.21,0.83,0.0,0.26
2026-04-05 11:50:26,engine,78.27,31.66,116.46,0.44
2026-04-05 11:50:26,brakes,50.75,26.6,17.5,0.75
2026-04-05 11:50:26,battery,31.12,0.72,0.0,0.21
2026-04-05 11:50:29,engine,82.02,57.79,66.18,0.26
2026-04-05 11:50:29,brakes,58.59,41.09,55.25,0.11
2026-04-05 11:50:29,battery,29.56,8.48,0.0,0.29
2026-04-05 11:50:32,engine,78.25,45.5,86.92,0.65
2026-04-05 11:50:32,brakes,72.01,32.92,9.05,0.46
2026-04-05 11:50:32,battery,49.13,5.69,0.0,0.27
2026-04-05 11:50:35,engine,106.07,56.46,79.36,1.07
2026-04-05 11:50:35,brakes,73.52,34.21,35.63,0.49
2026-04-05 11:50:35,battery,40.1,8.98,0.0,0.19
2026-04-05 11:50:38,engine,104.17,50.93,84.56,0.22
2026-04-05 11:50:38,brakes,71.56,29.59,40.93,0.26
2026-04-05 11:50:38,battery,46.74,5.0,0.0,0.12
2026-04-05 11:50:41,engine,86.36,55.54,81.12,1.18
2026-04-05 11:50:41,brakes,76.02,27.2,79.14,0.15
2026-04-05 11:50:41,battery,27.23,6.28,0.0,0.15
2026-04-05 11:50:44,engine,72.42,31.59,116.76,1.31
2026-04-05 11:50:44,brakes,64.37,30.73,1.51,0.13
2026-04-05 11:50:44,battery,44.8,5.64,0.0,0.21
2026-04-05 11:50:47,engine,83.45,46.2,102.02,1.0
2026-04-05 11:50:47,brakes,67.16,40.95,39.38,0.95
2026-04-05 11:50:47,battery,27.21,3.45,0.0,0.28
2026-04-05 11:50:50,engine,84.78,31.54,84.71,0.52
2026-04-05 11:50:50,brakes,43.21,23.34,50.08,0.3
2026-04-05 11:50:50,battery,25.61,5.02,0.0,0.12
2026-04-05 11:50:53,engine,72.64,34.34,106.38,0.33
2026-04-05 11:50:53,brakes,54.62,20.91,36.4,0.75
2026-04-05 11:50:53,battery,27.73,4.89,0.0,0.28
2026-04-05 11:50:56,engine,99.44,31.86,110.0,0.87
2026-04-05 11:50:56,brakes,52.11,37.33,53.36,0.68
2026-04-05 11:50:56,battery,46.13,2.21,0.0,0.07
2026-04-05 11:50:59,engine,101.83,53.54,79.06,0.41
2026-04-05 11:50:59,brakes,55.47,26.18,13.19,0.83
2026-04-05 11:50:59,battery,34.88,5.53,0.0,0.07
2026-04-05 11:51:02,engine,109.24,56.43,63.39,0.3
2026-04-05 11:51:02,brakes,81.57,44.28,67.88,0.81
2026-04-05 11:51:02,battery,27.14,2.19,0.0,0.01
2026-04-05 11:51:05,engine,95.6,54.95,111.14,0.84
2026-04-05 11:51:05,brakes,73.47,23.03,22.7,0.75
2026-04-05 11:51:05,battery,42.42,9.44,0.0,0.07
2026-04-05 11:51:08,engine,90.52,36.6,93.77,0.6
2026-04-05 11:51:08,brakes,66.91,47.72,66.55,0.51
2026-04-05 11:51:08,battery,23.37,5.9,0.0,0.16
2026-04-05 11:51:11,engine,80.95,30.32,62.5,1.32
2026-04-05 11:51:11,brakes,48.39,34.82,77.88,0.56
2026-04-05 11:51:11,battery,32.39,5.96,0.0,0.17
2026-04-05 11:51:14,engine,93.92,38.42,75.73,1.46
2026-04-05 11:51:14,brakes,59.77,42.86,64.78,0.88
2026-04-05 11:51:14,battery,41.38,9.62,0.0,0.16
2026-04-05 11:51:17,engine,84.82,46.6,83.79,0.83
2026-04-05 11:51:17,brakes,51.02,46.49,45.41,0.69
2026-04-05 11:51:17,battery,37.06,7.12,0.0,0.13
2026-04-05 11:51:20,engine,99.18,58.78,88.9,0.97
2026-04-05 11:51:20,brakes,45.66,35.74,17.23,0.51
2026-04-05 11:51:20,battery,45.2,3.36,0.0,0.01
2026-04-05 11:51:23,engine,106.81,42.13,114.91,0.87
2026-04-05 11:51:23,brakes,79.1,47.32,79.33,0.42
2026-04-05 11:51:23,battery,46.22,6.96,0.0,0.17
2026-04-05 11:51:26,engine,71.55,52.66,116.61,1.37
2026-04-05 11:51:26,brakes,50.85,44.26,67.33,0.37
2026-04-05 11:51:26,battery,35.43,5.56,0.0,0.05
2026-04-05 11:51:29,engine,92.82,47.4,94.08,0.67
2026-04-05 11:51:29,brakes,63.35,35.57,49.14,0.54
2026-04-05 11:51:29,battery,43.51,8.23,0.0,0.05
2026-04-05 11:51:32,engine,108.47,36.64,67.31,1.22
2026-04-05 11:51:32,brakes,79.25,40.9,15.13,0.28
2026-04-05 11:51:32,battery,31.32,6.41,0.0,0.01
2026-04-05 11:51:35,engine,105.92,32.21,61.29,0.71
2026-04-05 11:51:35,brakes,60.39,34.32,54.18,0.97
2026-04-05 11:51:35,battery,40.97,7.03,0.0,0.27
2026-04-05 11:51:38,engine,84.03,43.82,78.56,0.85
2026-04-05 11:51:38,brakes,42.28,20.15,39.74,0.25
2026-04-05 11:51:38,battery,20.88,7.62,0.0,0.01
2026-04-05 11:51:41,engine,75.7,52.0,88.13,0.41
2026-04-05 11:51:41,brakes,80.48,23.73,1.85,0.22
2026-04-05 11:51:41,battery,43.47,8.68,0.0,0.13
2026-04-05 11:51:44,engine,90.92,42.41,86.76,0.41
2026-04-05 11:51:44,brakes,55.81,38.68,23.46,0.44
2026-04-05 11:51:44,battery,30.56,4.94,0.0,0.23
2026-04-05 11:51:47,engine,106.6,45.64,82.33,0.94
2026-04-05 11:51:47,brakes,44.32,42.57,78.85,0.8
2026-04-05 11:51:47,battery,33.38,9.53,0.0,0.17
2026-04-05 11:51:50,engine,101.66,54.96,108.46,1.41
2026-04-05 11:51:50,brakes,48.54,42.04,57.92,0.47
2026-04-05 11:51:50,battery,24.54,9.1,0.0,0.26
2026-04-05 11:51:53,engine,85.25,43.03,97.1,1.46
2026-04-05 11:51:53,brakes,46.81,35.03,78.05,0.44
2026-04-05 11:51:53,battery,28.42,8.66,0.0,0.05
2026-04-05 11:51:56,engine,108.56,46.3,108.49,1.31
2026-04-05 11:51:56,brakes,47.71,25.25,73.01,0.24
2026-04-05 11:51:56,battery,45.81,5.63,0.0,0.18
2026-04-05 11:51:59,engine,91.82,58.49,82.72,0.73
2026-04-05 11:51:59,brakes,70.74,44.32,36.39,0.77
2026-04-05 11:51:59,battery,22.41,0.96,0.0,0.14
2026-04-05 11:52:02,engine,73.38,40.28,100.14,1.46
2026-04-05 11:52:02,brakes,62.12,40.07,43.77,0.19
2026-04-05 11:52:02,battery,21.52,7.82,0.0,0.11
2026-04-05 11:52:05,engine,82.95,38.04,117.59,1.48
2026-04-05 11:52:05,brakes,74.24,48.48,11.84,0.93
2026-04-05 11:52:05,battery,33.16,6.45,0.0,0.21
2026-04-05 11:52:08,engine,103.84,40.02,111.06,0.82
2026-04-05 11:52:08,brakes,78.64,38.95,11.34,0.2
2026-04-05 11:52:08,battery,20.41,8.29,0.0,0.17
